Country Name,Country Code,Series Name,Series Code,2017 [YR2017],2018 [YR2018],2019 [YR2019],2020 [YR2020],2021 [YR2021],2022 [YR2022],2023 [YR2023],2024 [YR2024]
Afghanistan,AFG,Adjusted net national income per capita (constant 2015 US$),NY.ADJ.NNTY.PC.KD,..,..,..,..,..,..,..,..
Africa Eastern and Southern,AFE,Adjusted net national income per capita (constant 2015 US$),NY.ADJ.NNTY.PC.KD,1215.96839781734,1259.19723166839,1275.9377877449,1225.03757949818,1257.89702625553,..,..,..
Africa Western and Central,AFW,Adjusted net national income per capita (constant 2015 US$),NY.ADJ.NNTY.PC.KD,..,..,..,..,..,..,..,..
Albania,ALB,Adjusted net national income per capita (constant 2015 US$),NY.ADJ.NNTY.PC.KD,3494.11672971086,3641.50475207024,3687.79928516457,3590.79503027181,4032.70760329282,..,..,..
Algeria,DZA,Adjusted net national income per capita (constant 2015 US$),NY.ADJ.NNTY.PC.KD,3389.31122801473,3319.20161789197,3262.79288043261,3010.43021804382,3069.11684084129,..,..,..
American Samoa,ASM,Adjusted net national income per capita (constant 2015 US$),NY.ADJ.NNTY.PC.KD,..,..,..,..,..,..,..,..
Andorra,AND,Adjusted net national income per capita (constant 2015 US$),NY.ADJ.NNTY.PC.KD,..,..,..,..,..,..,..,..
Angola,AGO,Adjusted net national income per capita (constant 2015 US$),NY.ADJ.NNTY.PC.KD,1951.12762105243,1944.87450820471,2185.08075242292,2067.3724997297,1976.96354143953,..,..,..
Antigua and Barbuda,ATG,Adjusted net national income per capita (constant 2015 US$),NY.ADJ.NNTY.PC.KD,..,..,..,..,..,..,..,..
Arab World,ARB,Adjusted net national income per capita (constant 2015 US$),NY.ADJ.NNTY.PC.KD,5233.28953249871,5423.88559669082,5391.37493013755,4810.80817562161,..,..,..,..
Argentina,ARG,Adjusted net national income per capita (constant 2015 US$),NY.ADJ.NNTY.PC.KD,11879.0693559856,11121.1269414726,10479.7912467694,9611.85620718382,10783.6247628366,..,..,..
Armenia,ARM,Adjusted net national income per capita (constant 2015 US$),NY.ADJ.NNTY.PC.KD,3455.01425778475,3610.46859551901,3826.67504036468,3479.14106373497,3561.77494444442,..,..,..
Aruba,ABW,Adjusted net national income per capita (constant 2015 US$),NY.ADJ.NNTY.PC.KD,..,..,..,..,..,..,..,..
Australia,AUS,Adjusted net national income per capita (constant 2015 US$),NY.ADJ.NNTY.PC.KD,..,..,..,..,..,..,..,..
Austria,AUT,Adjusted net national income per capita (constant 2015 US$),NY.ADJ.NNTY.PC.KD,36605.9921345216,37151.795212545,37541.0904975117,34966.0123230627,36086.3851625904,..,..,..
Azerbaijan,AZE,Adjusted net national income per capita (constant 2015 US$),NY.ADJ.NNTY.PC.KD,..,..,..,..,..,..,..,..
"Bahamas, The",BHS,Adjusted net national income per capita (constant 2015 US$),NY.ADJ.NNTY.PC.KD,28135.8287655735,27492.5393358396,27916.5666287262,20486.6188881455,23262.2950929492,..,..,..
Bahrain,BHR,Adjusted net national income per capita (constant 2015 US$),NY.ADJ.NNTY.PC.KD,17386.4379684025,16952.4131042387,17465.7521521455,16092.99177695,..,..,..,..
Bangladesh,BGD,Adjusted net national income per capita (constant 2015 US$),NY.ADJ.NNTY.PC.KD,1311.67139098208,1419.81175600293,1610.01300804304,1663.21884231979,1771.81143581888,..,..,..
Barbados,BRB,Adjusted net national income per capita (constant 2015 US$),NY.ADJ.NNTY.PC.KD,..,..,..,..,..,..,..,..
Belarus,BLR,Adjusted net national income per capita (constant 2015 US$),NY.ADJ.NNTY.PC.KD,4737.91448249422,5039.78516832697,5194.54723109836,5130.6448828571,5335.77303585565,..,..,..
Belgium,BEL,Adjusted net national income per capita (constant 2015 US$),NY.ADJ.NNTY.PC.KD,34474.6207131128,34611.2528292669,35407.2550277623,32892.2105432301,34702.9604780198,..,..,..
Belize,BLZ,Adjusted net national income per capita (constant 2015 US$),NY.ADJ.NNTY.PC.KD,4704.32598880073,4547.150582757,4691.41390387695,4119.48320750837,4618.89596596544,..,..,..
Benin,BEN,Adjusted net national income per capita (constant 2015 US$),NY.ADJ.NNTY.PC.KD,919.017165408261,949.500172494671,997.515790559392,997.897692702529,1053.04492566552,..,..,..
Bermuda,BMU,Adjusted net national income per capita (constant 2015 US$),NY.ADJ.NNTY.PC.KD,..,..,..,..,..,..,..,..
Bhutan,BTN,Adjusted net national income per capita (constant 2015 US$),NY.ADJ.NNTY.PC.KD,2430.95183104814,2500.97357697122,2745.59357105608,2602.22813998158,2594.02662385219,..,..,..
Bolivia,BOL,Adjusted net national income per capita (constant 2015 US$),NY.ADJ.NNTY.PC.KD,2703.56463623851,2780.80321335978,2818.97827017251,2560.5776707491,2512.77692189395,..,..,..
Bosnia and Herzegovina,BIH,Adjusted net national income per capita (constant 2015 US$),NY.ADJ.NNTY.PC.KD,4344.41262797387,4616.72540271144,4871.31673952472,4774.05099950427,5289.63127112514,..,..,..
Botswana,BWA,Adjusted net national income per capita (constant 2015 US$),NY.ADJ.NNTY.PC.KD,4820.94171023135,4645.50879111756,4962.39457545158,4899.49572739998,4982.56118800285,..,..,..
Brazil,BRA,Adjusted net national income per capita (constant 2015 US$),NY.ADJ.NNTY.PC.KD,6573.61849650553,6589.19502762701,6631.24785852918,6418.47283900121,6478.17095886485,..,..,..
British Virgin Islands,VGB,Adjusted net national income per capita (constant 2015 US$),NY.ADJ.NNTY.PC.KD,..,..,..,..,..,..,..,..
Brunei Darussalam,BRN,Adjusted net national income per capita (constant 2015 US$),NY.ADJ.NNTY.PC.KD,24674.101648131,23846.7957389414,24507.5990590363,23347.503084431,22590.7382824162,..,..,..
Bulgaria,BGR,Adjusted net national income per capita (constant 2015 US$),NY.ADJ.NNTY.PC.KD,6724.82311782503,6946.1905394667,7496.15133989967,7419.75300420507,8074.14794424628,..,..,..
Burkina Faso,BFA,Adjusted net national income per capita (constant 2015 US$),NY.ADJ.NNTY.PC.KD,592.070692466779,621.472298906676,648.118901965858,637.958202144383,587.451463117572,..,..,..
Burundi,BDI,Adjusted net national income per capita (constant 2015 US$),NY.ADJ.NNTY.PC.KD,178.57109193623,187.237768690997,188.383729611937,186.42880363641,182.790634107554,..,..,..
Cabo Verde,CPV,Adjusted net national income per capita (constant 2015 US$),NY.ADJ.NNTY.PC.KD,2842.37912504767,3070.53974769136,3265.38175426326,2733.8640303118,2921.80931955411,..,..,..
Cambodia,KHM,Adjusted net national income per capita (constant 2015 US$),NY.ADJ.NNTY.PC.KD,1135.52130293517,1206.62228950259,1306.59993665878,1323.85825939503,1291.77889367697,..,..,..
Cameroon,CMR,Adjusted net national income per capita (constant 2015 US$),NY.ADJ.NNTY.PC.KD,1178.16417887669,1201.38440029464,1226.63602504207,1253.00090968749,1206.61560686483,..,..,..
Canada,CAN,Adjusted net national income per capita (constant 2015 US$),NY.ADJ.NNTY.PC.KD,36540.5863286184,36858.1563304303,37004.2348799909,33886.852863714,36665.2739673267,..,..,..
Caribbean small states,CSS,Adjusted net national income per capita (constant 2015 US$),NY.ADJ.NNTY.PC.KD,..,..,..,..,..,..,..,..
Cayman Islands,CYM,Adjusted net national income per capita (constant 2015 US$),NY.ADJ.NNTY.PC.KD,..,..,..,..,..,..,..,..
Central African Republic,CAF,Adjusted net national income per capita (constant 2015 US$),NY.ADJ.NNTY.PC.KD,324.501122724509,394.183232216632,392.322383327595,379.480571151413,370.782304513421,..,..,..
Central Europe and the Baltics,CEB,Adjusted net national income per capita (constant 2015 US$),NY.ADJ.NNTY.PC.KD,11084.409974259,11656.4173762548,12231.7605855319,12010.8613662845,12706.9958105009,..,..,..
Chad,TCD,Adjusted net national income per capita (constant 2015 US$),NY.ADJ.NNTY.PC.KD,450.611124057527,475.871533039814,483.043512090386,413.52998637784,436.184933734573,..,..,..
Channel Islands,CHI,Adjusted net national income per capita (constant 2015 US$),NY.ADJ.NNTY.PC.KD,..,..,..,..,..,..,..,..
Chile,CHL,Adjusted net national income per capita (constant 2015 US$),NY.ADJ.NNTY.PC.KD,10943.6722599105,10853.7024143823,10992.0464113894,9874.30027623414,10447.4570062813,..,..,..
China,CHN,Adjusted net national income per capita (constant 2015 US$),NY.ADJ.NNTY.PC.KD,6809.31043326998,7058.37430673189,7355.04968677052,7361.26497200502,7861.41660591033,..,..,..
Colombia,COL,Adjusted net national income per capita (constant 2015 US$),NY.ADJ.NNTY.PC.KD,5349.79297076849,5352.29737529563,5458.56303480284,5092.99783868513,5422.97006177342,..,..,..
Comoros,COM,Adjusted net national income per capita (constant 2015 US$),NY.ADJ.NNTY.PC.KD,1246.90945122568,1278.92959344454,1316.67831031454,1294.02013436038,1330.40911591664,..,..,..
"Congo, Dem. Rep.",COD,Adjusted net national income per capita (constant 2015 US$),NY.ADJ.NNTY.PC.KD,365.512359767733,408.292195853594,405.922528190962,411.20040248045,372.768806844594,..,..,..
"Congo, Rep.",COG,Adjusted net national income per capita (constant 2015 US$),NY.ADJ.NNTY.PC.KD,774.897129772069,855.819698721232,734.499210319753,585.348164071452,775.334568257759,..,..,..
Costa Rica,CRI,Adjusted net national income per capita (constant 2015 US$),NY.ADJ.NNTY.PC.KD,11254.766927535,11351.4659126957,11556.3263997292,10937.8704607551,11459.8999216998,..,..,..
Cote d'Ivoire,CIV,Adjusted net national income per capita (constant 2015 US$),NY.ADJ.NNTY.PC.KD,1755.40489347848,1789.84642356951,1831.62612562307,1842.45602386655,1857.41081181648,..,..,..
Croatia,HRV,Adjusted net national income per capita (constant 2015 US$),NY.ADJ.NNTY.PC.KD,11330.1251275596,11953.0855328124,12534.171107753,11302.75549488,12578.9431191722,..,..,..
Cuba,CUB,Adjusted net national income per capita (constant 2015 US$),NY.ADJ.NNTY.PC.KD,6986.03147939998,7066.59560066739,7102.42477645821,..,..,..,..,..
Curacao,CUW,Adjusted net national income per capita (constant 2015 US$),NY.ADJ.NNTY.PC.KD,..,..,..,..,..,..,..,..
Cyprus,CYP,Adjusted net national income per capita (constant 2015 US$),NY.ADJ.NNTY.PC.KD,22358.916015625,23171.361328125,23688.474609375,21395.23046875,22186.423828125,..,..,..
Czechia,CZE,Adjusted net national income per capita (constant 2015 US$),NY.ADJ.NNTY.PC.KD,14037.5803628247,14426.209214409,14699.3592809046,13857.2247456858,14649.5039598442,..,..,..
Denmark,DNK,Adjusted net national income per capita (constant 2015 US$),NY.ADJ.NNTY.PC.KD,47532.6647182606,48346.2214293402,48807.2673324255,48329.3127133489,51315.9451272001,..,..,..
Djibouti,DJI,Adjusted net national income per capita (constant 2015 US$),NY.ADJ.NNTY.PC.KD,2092.10186379841,2262.48698488818,2395.70511939525,2437.66656624792,2619.05582137384,..,..,..
Dominica,DMA,Adjusted net national income per capita (constant 2015 US$),NY.ADJ.NNTY.PC.KD,..,..,..,..,..,..,..,..
Dominican Republic,DOM,Adjusted net national income per capita (constant 2015 US$),NY.ADJ.NNTY.PC.KD,6735.70780928202,7047.1863403443,7228.31646895531,6653.16286043559,7078.77514892044,..,..,..
Early-demographic dividend,EAR,Adjusted net national income per capita (constant 2015 US$),NY.ADJ.NNTY.PC.KD,2885.88018775131,2921.8348014247,2951.55704472356,2762.20226061358,2922.43985739088,..,..,..
East Asia & Pacific,EAS,Adjusted net national income per capita (constant 2015 US$),NY.ADJ.NNTY.PC.KD,8090.85325256515,8270.60794028442,8475.16319988111,8311.66177998666,8668.40039250171,..,..,..
East Asia & Pacific (excluding high income),EAP,Adjusted net national income per capita (constant 2015 US$),NY.ADJ.NNTY.PC.KD,5540.72461089724,5737.52240629536,5967.54475997175,5925.91236532227,6274.6422734157,..,..,..
East Asia & Pacific (IDA & IBRD countries),TEA,Adjusted net national income per capita (constant 2015 US$),NY.ADJ.NNTY.PC.KD,5603.17776868132,5802.0455195149,6034.54900319359,5992.3940205197,6345.07816549718,..,..,..
Ecuador,ECU,Adjusted net national income per capita (constant 2015 US$),NY.ADJ.NNTY.PC.KD,4786.71283737331,4565.14662165273,4524.13076909338,4245.57590813973,4257.92473687991,..,..,..
"Egypt, Arab Rep.",EGY,Adjusted net national income per capita (constant 2015 US$),NY.ADJ.NNTY.PC.KD,2849.32139290171,2886.82003537693,2994.77667199192,3096.55638127885,3098.0134807737,..,..,..
El Salvador,SLV,Adjusted net national income per capita (constant 2015 US$),NY.ADJ.NNTY.PC.KD,3273.96760112186,3279.87386124565,3407.8433955419,3062.94520712526,3281.71171438825,..,..,..
Equatorial Guinea,GNQ,Adjusted net national income per capita (constant 2015 US$),NY.ADJ.NNTY.PC.KD,2718.24883292117,2682.71856204637,2184.72832784855,2037.5935358763,2305.72201832379,..,..,..
Eritrea,ERI,Adjusted net national income per capita (constant 2015 US$),NY.ADJ.NNTY.PC.KD,..,..,..,..,..,..,..,..
Estonia,EST,Adjusted net national income per capita (constant 2015 US$),NY.ADJ.NNTY.PC.KD,15475.948175629,16201.8668601669,16696.2490694278,15869.3443116532,17263.5103239471,..,..,..
Eswatini,SWZ,Adjusted net national income per capita (constant 2015 US$),NY.ADJ.NNTY.PC.KD,2524.60287282096,2580.11310722219,2475.91509663341,2396.96451089648,2463.30512950054,..,..,..
Ethiopia,ETH,Adjusted net national income per capita (constant 2015 US$),NY.ADJ.NNTY.PC.KD,553.468020801149,619.959340063959,667.474555889477,703.660782048609,729.324707334046,..,..,..
Euro area,EMU,Adjusted net national income per capita (constant 2015 US$),NY.ADJ.NNTY.PC.KD,29423.7992857506,29848.590969901,30188.5085470451,27824.67115963,29383.854362899,..,..,..
Europe & Central Asia,ECS,Adjusted net national income per capita (constant 2015 US$),NY.ADJ.NNTY.PC.KD,19246.6995361018,19554.8269422151,19788.7432790406,18498.7996420049,19422.2285702467,..,..,..
Europe & Central Asia (excluding high income),ECA,Adjusted net national income per capita (constant 2015 US$),NY.ADJ.NNTY.PC.KD,..,..,..,..,..,..,..,..
Europe & Central Asia (IDA & IBRD countries),TEC,Adjusted net national income per capita (constant 2015 US$),NY.ADJ.NNTY.PC.KD,6700.4858502943,7006.11498271178,7161.5678422412,6999.60020618558,7042.3879018477,..,..,..
European Union,EUU,Adjusted net national income per capita (constant 2015 US$),NY.ADJ.NNTY.PC.KD,26413.8907673397,26879.7979049223,27302.2343381124,25433.4084863898,26885.2376904998,..,..,..
Faroe Islands,FRO,Adjusted net national income per capita (constant 2015 US$),NY.ADJ.NNTY.PC.KD,..,..,..,..,..,..,..,..
Federal Republic of Somalia,SOM,Adjusted net national income per capita (constant 2015 US$),NY.ADJ.NNTY.PC.KD,279.910730790825,303.990709636212,307.755747539289,301.617449075636,306.481665051069,..,..,..
Fiji,FJI,Adjusted net national income per capita (constant 2015 US$),NY.ADJ.NNTY.PC.KD,..,..,..,..,..,..,..,..
Finland,FIN,Adjusted net national income per capita (constant 2015 US$),NY.ADJ.NNTY.PC.KD,36788.3888088846,37372.4997025788,37604.0962370877,37141.5628339263,38530.2782534852,..,..,..
Fragile and conflict affected situations,FCS,Adjusted net national income per capita (constant 2015 US$),NY.ADJ.NNTY.PC.KD,..,..,..,..,..,..,..,..
France,FRA,Adjusted net national income per capita (constant 2015 US$),NY.ADJ.NNTY.PC.KD,31700.9551822151,31976.3202487889,32401.8744303107,29152.2471518752,31680.9014052704,..,..,..
French Polynesia,PYF,Adjusted net national income per capita (constant 2015 US$),NY.ADJ.NNTY.PC.KD,..,..,..,..,..,..,..,..
Gabon,GAB,Adjusted net national income per capita (constant 2015 US$),NY.ADJ.NNTY.PC.KD,4433.98273595005,5533.26890336914,5756.1235390343,5190.62202414085,5323.04770826983,..,..,..
"Gambia, The",GMB,Adjusted net national income per capita (constant 2015 US$),NY.ADJ.NNTY.PC.KD,462.299074414236,524.200150786558,543.121071632805,548.212659988982,539.402417953237,..,..,..
Georgia,GEO,Adjusted net national income per capita (constant 2015 US$),NY.ADJ.NNTY.PC.KD,3603.05114978572,3869.87782548919,4051.96638348389,3889.36508125733,4182.07814287813,..,..,..
Germany,DEU,Adjusted net national income per capita (constant 2015 US$),NY.ADJ.NNTY.PC.KD,36172.0289865985,36630.7116594109,36896.9948222058,35136.4430776562,36015.8570258126,..,..,..
Ghana,GHA,Adjusted net national income per capita (constant 2015 US$),NY.ADJ.NNTY.PC.KD,1438.96143897736,1543.22003010196,1616.33189284081,1686.48699054847,1596.23186217643,..,..,..
Gibraltar,GIB,Adjusted net national income per capita (constant 2015 US$),NY.ADJ.NNTY.PC.KD,..,..,..,..,..,..,..,..
Greece,GRC,Adjusted net national income per capita (constant 2015 US$),NY.ADJ.NNTY.PC.KD,15326.7256698357,15460.7918638443,15890.9166442204,14318.4208735707,15728.298841512,..,..,..
Greenland,GRL,Adjusted net national income per capita (constant 2015 US$),NY.ADJ.NNTY.PC.KD,..,..,..,..,..,..,..,..
Grenada,GRD,Adjusted net national income per capita (constant 2015 US$),NY.ADJ.NNTY.PC.KD,..,..,..,..,..,..,..,..
Guam,GUM,Adjusted net national income per capita (constant 2015 US$),NY.ADJ.NNTY.PC.KD,..,..,..,..,..,..,..,..
Guatemala,GTM,Adjusted net national income per capita (constant 2015 US$),NY.ADJ.NNTY.PC.KD,3411.59156381463,3469.11174954338,3615.60424870816,3558.20382921376,3639.28857848398,..,..,..
Guinea,GIN,Adjusted net national income per capita (constant 2015 US$),NY.ADJ.NNTY.PC.KD,698.693417657699,732.013059679078,764.252803267881,694.601625202794,678.32172039451,..,..,..
Guinea-Bissau,GNB,Adjusted net national income per capita (constant 2015 US$),NY.ADJ.NNTY.PC.KD,515.17199810306,531.946428174112,555.849444209116,512.656168201029,531.082103069097,..,..,..
Guyana,GUY,Adjusted net national income per capita (constant 2015 US$),NY.ADJ.NNTY.PC.KD,..,..,..,..,..,..,..,..
Haiti,HTI,Adjusted net national income per capita (constant 2015 US$),NY.ADJ.NNTY.PC.KD,1418.26039261671,1416.77853242824,1383.92962417142,1289.35350467251,1259.0091127643,..,..,..
Heavily indebted poor countries (HIPC),HPC,Adjusted net national income per capita (constant 2015 US$),NY.ADJ.NNTY.PC.KD,828.652916879264,866.68544871377,886.355121240661,876.111832754357,869.767650073506,..,..,..
High income,HIC,Adjusted net national income per capita (constant 2015 US$),NY.ADJ.NNTY.PC.KD,31257.4926061518,31853.7951549894,32255.9884395771,30464.9968650113,31975.9265617843,..,..,..
Honduras,HND,Adjusted net national income per capita (constant 2015 US$),NY.ADJ.NNTY.PC.KD,2123.16969040824,2069.4197336661,2105.42543157699,2008.38309490648,2113.61535318307,..,..,..
"Hong Kong SAR, China",HKG,Adjusted net national income per capita (constant 2015 US$),NY.ADJ.NNTY.PC.KD,..,..,..,..,..,..,..,..
Hungary,HUN,Adjusted net national income per capita (constant 2015 US$),NY.ADJ.NNTY.PC.KD,10889.2773727492,11481.9903620239,12264.9677875351,11736.7304247334,12168.1919565178,..,..,..
IBRD only,IBD,Adjusted net national income per capita (constant 2015 US$),NY.ADJ.NNTY.PC.KD,4704.32181863392,4809.01626783432,4931.25290454302,4781.82283527,5029.18674643311,..,..,..
Iceland,ISL,Adjusted net national income per capita (constant 2015 US$),NY.ADJ.NNTY.PC.KD,46097.798851759,45028.643730128,47877.8756039013,42228.8928911516,42627.064190713,..,..,..
IDA & IBRD total,IBT,Adjusted net national income per capita (constant 2015 US$),NY.ADJ.NNTY.PC.KD,3811.0534284778,3892.49133766465,3981.69629316049,3853.21444346921,4033.56028021042,..,..,..
IDA blend,IDB,Adjusted net national income per capita (constant 2015 US$),NY.ADJ.NNTY.PC.KD,..,..,..,..,..,..,..,..
IDA only,IDX,Adjusted net national income per capita (constant 2015 US$),NY.ADJ.NNTY.PC.KD,982.25262015992,1033.63959731579,1084.73440983962,1078.07698747,1093.22267680696,..,..,..
IDA total,IDA,Adjusted net national income per capita (constant 2015 US$),NY.ADJ.NNTY.PC.KD,..,..,..,..,..,..,..,..
India,IND,Adjusted net national income per capita (constant 2015 US$),NY.ADJ.NNTY.PC.KD,1581.39127321571,1656.62732276122,1685.07779294141,1554.23905452974,1702.90328943451,..,..,..
Indonesia,IDN,Adjusted net national income per capita (constant 2015 US$),NY.ADJ.NNTY.PC.KD,2764.7516105217,2839.15400257941,2897.49480710415,2794.2412636062,2923.53268551607,..,..,..
"Iran, Islamic Rep.",IRN,Adjusted net national income per capita (constant 2015 US$),NY.ADJ.NNTY.PC.KD,4548.97037787248,3304.94202230555,3138.90202007521,3540.5178914141,3865.00225671722,..,..,..
Iraq,IRQ,Adjusted net national income per capita (constant 2015 US$),NY.ADJ.NNTY.PC.KD,3502.93414358337,3843.77952759233,4036.03796181482,3182.8778262763,3773.74368872917,..,..,..
Ireland,IRL,Adjusted net national income per capita (constant 2015 US$),NY.ADJ.NNTY.PC.KD,36301.7742294002,37164.3307256686,38525.1506625477,36021.7576834423,41798.5322216789,..,..,..
Isle of Man,IMN,Adjusted net national income per capita (constant 2015 US$),NY.ADJ.NNTY.PC.KD,..,..,..,..,..,..,..,..
Israel,ISR,Adjusted net national income per capita (constant 2015 US$),NY.ADJ.NNTY.PC.KD,32426.8155003918,32888.4854650134,33859.149091553,32327.1003198017,34570.5120125464,..,..,..
Italy,ITA,Adjusted net national income per capita (constant 2015 US$),NY.ADJ.NNTY.PC.KD,26162.7687361498,26474.1553680461,26716.3552166508,24311.4308422493,25951.8390784249,..,..,..
Jamaica,JAM,Adjusted net national income per capita (constant 2015 US$),NY.ADJ.NNTY.PC.KD,4683.60638303918,4746.80621293054,4821.38888941271,..,..,..,..,..
Japan,JPN,Adjusted net national income per capita (constant 2015 US$),NY.ADJ.NNTY.PC.KD,28833.7875186551,28763.7186361988,28696.0961386254,27236.0406402121,27017.6559602767,..,..,..
Jordan,JOR,Adjusted net national income per capita (constant 2015 US$),NY.ADJ.NNTY.PC.KD,..,..,..,..,..,..,..,..
Kazakhstan,KAZ,Adjusted net national income per capita (constant 2015 US$),NY.ADJ.NNTY.PC.KD,7701.18697637086,7624.68897216578,8012.1834279304,7999.44282980836,7422.26857075544,..,..,..
Kenya,KEN,Adjusted net national income per capita (constant 2015 US$),NY.ADJ.NNTY.PC.KD,1293.65732196541,1354.86084601237,1415.40050155915,1384.73983099079,1493.80761649506,..,..,..
Kiribati,KIR,Adjusted net national income per capita (constant 2015 US$),NY.ADJ.NNTY.PC.KD,2778.65645819197,2783.72924549996,3064.59469525416,2673.67829164749,2502.86458338226,..,..,..
"Korea, Dem. People's Rep.",PRK,Adjusted net national income per capita (constant 2015 US$),NY.ADJ.NNTY.PC.KD,..,..,..,..,..,..,..,..
"Korea, Rep.",KOR,Adjusted net national income per capita (constant 2015 US$),NY.ADJ.NNTY.PC.KD,25128.626122782,25283.3903496765,24999.6450621446,24655.0135722479,25458.4045821809,..,..,..
Kosovo,XKX,Adjusted net national income per capita (constant 2015 US$),NY.ADJ.NNTY.PC.KD,..,..,..,..,..,..,..,..
Kuwait,KWT,Adjusted net national income per capita (constant 2015 US$),NY.ADJ.NNTY.PC.KD,27424.429904094,28629.794469792,27635.0773742865,..,..,..,..,..
Kyrgyz Republic,KGZ,Adjusted net national income per capita (constant 2015 US$),NY.ADJ.NNTY.PC.KD,950.212238036517,1028.44782204921,919.698432427047,915.567784137842,850.455886243143,..,..,..
Lao PDR,LAO,Adjusted net national income per capita (constant 2015 US$),NY.ADJ.NNTY.PC.KD,..,..,..,..,..,..,..,..
Late-demographic dividend,LTE,Adjusted net national income per capita (constant 2015 US$),NY.ADJ.NNTY.PC.KD,6842.81433682642,7071.39172411468,7306.45349691651,7196.3037403025,7561.03632986574,..,..,..
Latin America & Caribbean,LCN,Adjusted net national income per capita (constant 2015 US$),NY.ADJ.NNTY.PC.KD,6969.40621206229,6932.77526792453,6953.35420358353,6442.36211417597,6659.69206106964,..,..,..
Latin America & Caribbean (excluding high income),LAC,Adjusted net national income per capita (constant 2015 US$),NY.ADJ.NNTY.PC.KD,6604.38365137488,6556.51791071859,6558.17531773764,6083.57313112355,6277.70506614423,..,..,..
Latin America & the Caribbean (IDA & IBRD countries),TLA,Adjusted net national income per capita (constant 2015 US$),NY.ADJ.NNTY.PC.KD,6892.92973575294,6853.25717600604,6873.05657974248,6370.0392360588,6581.89818879646,..,..,..
Latvia,LVA,Adjusted net national income per capita (constant 2015 US$),NY.ADJ.NNTY.PC.KD,11816.8869293895,12439.1043975587,12896.730200604,12762.2711219087,13539.0709619355,..,..,..
Least developed countries: UN classification,LDC,Adjusted net national income per capita (constant 2015 US$),NY.ADJ.NNTY.PC.KD,897.026077296298,950.309539398143,1018.39526729286,1013.81522544584,1028.69926013388,..,..,..
Lebanon,LBN,Adjusted net national income per capita (constant 2015 US$),NY.ADJ.NNTY.PC.KD,7090.89864063498,6955.723249279,6667.22767776873,5041.00645958575,4212.61511337392,..,..,..
Lesotho,LSO,Adjusted net national income per capita (constant 2015 US$),NY.ADJ.NNTY.PC.KD,954.938812347098,975.384592766755,1000.22982431939,980.41709295546,960.769355446082,..,..,..
Liberia,LBR,Adjusted net national income per capita (constant 2015 US$),NY.ADJ.NNTY.PC.KD,..,..,..,..,..,..,..,..
Libya,LBY,Adjusted net national income per capita (constant 2015 US$),NY.ADJ.NNTY.PC.KD,6202.21634280327,6265.70637859698,5106.13984662477,5684.44060907532,7383.30761299955,..,..,..
Liechtenstein,LIE,Adjusted net national income per capita (constant 2015 US$),NY.ADJ.NNTY.PC.KD,..,..,..,..,..,..,..,..
Lithuania,LTU,Adjusted net national income per capita (constant 2015 US$),NY.ADJ.NNTY.PC.KD,13300.9266192069,13877.716427204,14631.1081445291,14730.9699425423,15051.3643278258,..,..,..
Low & middle income,LMY,Adjusted net national income per capita (constant 2015 US$),NY.ADJ.NNTY.PC.KD,3643.86515328427,3714.20213933232,3801.80326822444,3681.82392431209,3870.27983654967,..,..,..
Low income,LIC,Adjusted net national income per capita (constant 2015 US$),NY.ADJ.NNTY.PC.KD,..,..,..,..,..,..,..,..
Lower middle income,LMC,Adjusted net national income per capita (constant 2015 US$),NY.ADJ.NNTY.PC.KD,1782.68379942601,1861.050458895,1910.27924402254,1808.36555695938,1902.1224109207,..,..,..
Luxembourg,LUX,Adjusted net national income per capita (constant 2015 US$),NY.ADJ.NNTY.PC.KD,62997.7898846218,62401.9658322564,57620.2634739404,59302.2568338309,65458.1506441114,..,..,..
"Macao SAR, China",MAC,Adjusted net national income per capita (constant 2015 US$),NY.ADJ.NNTY.PC.KD,..,..,..,..,..,..,..,..
Madagascar,MDG,Adjusted net national income per capita (constant 2015 US$),NY.ADJ.NNTY.PC.KD,373.058249344385,396.557810183751,392.454470508269,362.984819189419,375.594075013007,..,..,..
Malawi,MWI,Adjusted net national income per capita (constant 2015 US$),NY.ADJ.NNTY.PC.KD,..,..,..,..,..,..,..,..
Malaysia,MYS,Adjusted net national income per capita (constant 2015 US$),NY.ADJ.NNTY.PC.KD,7419.79477088873,7467.78268150077,7863.87155221441,7471.26374674643,7437.75634679758,..,..,..
Maldives,MDV,Adjusted net national income per capita (constant 2015 US$),NY.ADJ.NNTY.PC.KD,7387.56699094825,7389.97273620172,7631.91690975285,4908.72251175751,5959.72164082813,..,..,..
Mali,MLI,Adjusted net national income per capita (constant 2015 US$),NY.ADJ.NNTY.PC.KD,642.696420052043,652.726964373487,666.474970165352,669.994534546912,601.75794860413,..,..,..
Malta,MLT,Adjusted net national income per capita (constant 2015 US$),NY.ADJ.NNTY.PC.KD,..,..,..,..,..,..,..,..
Marshall Islands,MHL,Adjusted net national income per capita (constant 2015 US$),NY.ADJ.NNTY.PC.KD,..,..,..,..,..,..,..,..
Mauritania,MRT,Adjusted net national income per capita (constant 2015 US$),NY.ADJ.NNTY.PC.KD,1500.66555522552,1718.05491286862,1825.43943070723,1906.02539807872,1819.82068637743,..,..,..
Mauritius,MUS,Adjusted net national income per capita (constant 2015 US$),NY.ADJ.NNTY.PC.KD,..,..,..,..,..,..,..,..
Mexico,MEX,Adjusted net national income per capita (constant 2015 US$),NY.ADJ.NNTY.PC.KD,7834.59760037639,7854.96599072118,7904.16548226957,6943.57565657084,7064.06614366441,..,..,..
"Micronesia, Fed. Sts.",FSM,Adjusted net national income per capita (constant 2015 US$),NY.ADJ.NNTY.PC.KD,..,..,..,..,..,..,..,..
"Middle East, North Africa, Afghanistan & Pakistan",MEA,Adjusted net national income per capita (constant 2015 US$),NY.ADJ.NNTY.PC.KD,4419.58245348159,4395.48941718527,4377.7446096665,4079.33134636213,..,..,..,..
"Middle East, North Africa, Afghanistan & Pakistan (excluding high income)",MNA,Adjusted net national income per capita (constant 2015 US$),NY.ADJ.NNTY.PC.KD,2502.83856400256,2372.58141947882,2364.49609671541,2315.46478098858,2453.12682784272,..,..,..
"Middle East, North Africa, Afghanistan & Pakistan (IDA & IBRD)",TMN,Adjusted net national income per capita (constant 2015 US$),NY.ADJ.NNTY.PC.KD,2497.0729488571,2367.24087342143,2359.29208061054,2310.48645329655,2447.98114820669,..,..,..
Middle income,MIC,Adjusted net national income per capita (constant 2015 US$),NY.ADJ.NNTY.PC.KD,3917.22954566625,3996.80556237217,4097.43264178895,3974.02898613007,4186.45571836287,..,..,..
Moldova,MDA,Adjusted net national income per capita (constant 2015 US$),NY.ADJ.NNTY.PC.KD,2994.48700392245,3123.82862948758,3319.21041813277,3104.35281551806,3422.59577051621,..,..,..
Monaco,MCO,Adjusted net national income per capita (constant 2015 US$),NY.ADJ.NNTY.PC.KD,..,..,..,..,..,..,..,..
Mongolia,MNG,Adjusted net national income per capita (constant 2015 US$),NY.ADJ.NNTY.PC.KD,2825.34244668715,3188.89923635532,3478.21037087533,3363.43843670365,3006.31772823226,..,..,..
Montenegro,MNE,Adjusted net national income per capita (constant 2015 US$),NY.ADJ.NNTY.PC.KD,6502.8105023123,6783.14739039223,7113.24555656153,6037.7235173247,6907.86212367238,..,..,..
Morocco,MAR,Adjusted net national income per capita (constant 2015 US$),NY.ADJ.NNTY.PC.KD,2883.00268554688,2936.06005859375,3010.27661132813,2794.68237304688,2964.69775390625,..,..,..
Mozambique,MOZ,Adjusted net national income per capita (constant 2015 US$),NY.ADJ.NNTY.PC.KD,487.71591958012,495.971014981951,461.798048893345,434.893552638001,430.980718314114,..,..,..
Myanmar,MMR,Adjusted net national income per capita (constant 2015 US$),NY.ADJ.NNTY.PC.KD,..,..,..,..,..,..,..,..
Namibia,NAM,Adjusted net national income per capita (constant 2015 US$),NY.ADJ.NNTY.PC.KD,4089.58161298633,3963.46114056955,3885.8102915097,3495.41105047979,3339.48331026829,..,..,..
Nauru,NRU,Adjusted net national income per capita (constant 2015 US$),NY.ADJ.NNTY.PC.KD,..,..,..,..,..,..,..,..
Nepal,NPL,Adjusted net national income per capita (constant 2015 US$),NY.ADJ.NNTY.PC.KD,946.917922225917,1009.6959575849,1077.14967056693,991.225427485319,1046.45797535921,..,..,..
Netherlands,NLD,Adjusted net national income per capita (constant 2015 US$),NY.ADJ.NNTY.PC.KD,38504.6867274999,39457.1280753332,39404.5605722463,36496.9951859705,38229.934076276,..,..,..
New Caledonia,NCL,Adjusted net national income per capita (constant 2015 US$),NY.ADJ.NNTY.PC.KD,..,..,..,..,..,..,..,..
New Zealand,NZL,Adjusted net national income per capita (constant 2015 US$),NY.ADJ.NNTY.PC.KD,33570.0830216148,33619.5346370755,34782.5252161898,33978.5514033835,34749.4710671632,..,..,..
Nicaragua,NIC,Adjusted net national income per capita (constant 2015 US$),NY.ADJ.NNTY.PC.KD,1932.77304654038,1796.81144943427,1751.37020475856,1682.80053643797,1684.8773387545,..,..,..
Niger,NER,Adjusted net national income per capita (constant 2015 US$),NY.ADJ.NNTY.PC.KD,499.317254483956,530.947282836679,537.891051278538,490.997697093918,505.043727403567,..,..,..
Nigeria,NGA,Adjusted net national income per capita (constant 2015 US$),NY.ADJ.NNTY.PC.KD,..,..,..,..,..,..,..,..
North America,NAC,Adjusted net national income per capita (constant 2015 US$),NY.ADJ.NNTY.PC.KD,48437.9293998141,49534.9138433645,50378.9825967631,48044.9908125007,50703.1426971767,..,..,..
North Macedonia,MKD,Adjusted net national income per capita (constant 2015 US$),NY.ADJ.NNTY.PC.KD,4554.78615505814,4722.2422618712,4912.59434905588,4820.21712219678,4938.45366799718,..,..,..
Northern Mariana Islands,MNP,Adjusted net national income per capita (constant 2015 US$),NY.ADJ.NNTY.PC.KD,..,..,..,..,..,..,..,..
Norway,NOR,Adjusted net national income per capita (constant 2015 US$),NY.ADJ.NNTY.PC.KD,60757.5872105649,62258.0232759421,59835.2616177808,55006.2061814729,63306.2556735116,..,..,..
Not classified,INX,Adjusted net national income per capita (constant 2015 US$),NY.ADJ.NNTY.PC.KD,..,..,..,..,..,..,..,..
OECD members,OED,Adjusted net national income per capita (constant 2015 US$),NY.ADJ.NNTY.PC.KD,30593.807612309,31024.4965124195,31375.624716483,29600.7069728604,31021.2846256892,..,..,..
Oman,OMN,Adjusted net national income per capita (constant 2015 US$),NY.ADJ.NNTY.PC.KD,12210.1909305679,13321.1617824938,12939.13593417,12699.0452328145,12327.3071914765,..,..,..
Other small states,OSS,Adjusted net national income per capita (constant 2015 US$),NY.ADJ.NNTY.PC.KD,8988.64719888747,9130.10637971429,9498.45884247551,8617.63967136694,8900.01380590577,..,..,..
Pacific island small states,PSS,Adjusted net national income per capita (constant 2015 US$),NY.ADJ.NNTY.PC.KD,..,..,..,..,..,..,..,..
Pakistan,PAK,Adjusted net national income per capita (constant 2015 US$),NY.ADJ.NNTY.PC.KD,1422.81207661343,1480.85631504496,1496.26276492345,1464.30873890982,1549.93375807859,..,..,..
Palau,PLW,Adjusted net national income per capita (constant 2015 US$),NY.ADJ.NNTY.PC.KD,..,..,..,..,..,..,..,..
Panama,PAN,Adjusted net national income per capita (constant 2015 US$),NY.ADJ.NNTY.PC.KD,12646.5176648682,12439.3884790141,12099.7069164353,10757.8454611474,10595.3351939475,..,..,..
Papua New Guinea,PNG,Adjusted net national income per capita (constant 2015 US$),NY.ADJ.NNTY.PC.KD,..,..,..,..,..,..,..,..
Paraguay,PRY,Adjusted net national income per capita (constant 2015 US$),NY.ADJ.NNTY.PC.KD,5627.4650744944,5682.92366987014,5579.1303521251,5463.03280124631,5759.94772269711,..,..,..
Peru,PER,Adjusted net national income per capita (constant 2015 US$),NY.ADJ.NNTY.PC.KD,5464.72004730534,5525.16538061533,5753.71550700188,5124.24675490679,5229.58458015105,..,..,..
Philippines,PHL,Adjusted net national income per capita (constant 2015 US$),NY.ADJ.NNTY.PC.KD,3264.66032825631,3375.25041544939,3466.56527069272,3045.15819349489,2951.4001671731,..,..,..
Poland,POL,Adjusted net national income per capita (constant 2015 US$),NY.ADJ.NNTY.PC.KD,11465.3120563555,12112.2708077431,12757.7139509451,12809.6265960839,13654.3469716968,..,..,..
Portugal,PRT,Adjusted net national income per capita (constant 2015 US$),NY.ADJ.NNTY.PC.KD,16443.2471942099,16806.7871419523,17250.7284511379,15683.3182416545,16322.2996811394,..,..,..
Post-demographic dividend,PST,Adjusted net national income per capita (constant 2015 US$),NY.ADJ.NNTY.PC.KD,35096.4563530877,35656.6886373662,36103.2253832768,34159.0637060998,35879.1118640067,..,..,..
Pre-demographic dividend,PRE,Adjusted net national income per capita (constant 2015 US$),NY.ADJ.NNTY.PC.KD,..,..,..,..,..,..,..,..
Puerto Rico (US),PRI,Adjusted net national income per capita (constant 2015 US$),NY.ADJ.NNTY.PC.KD,..,..,..,..,..,..,..,..
Qatar,QAT,Adjusted net national income per capita (constant 2015 US$),NY.ADJ.NNTY.PC.KD,..,..,..,..,..,..,..,..
Romania,ROU,Adjusted net national income per capita (constant 2015 US$),NY.ADJ.NNTY.PC.KD,8165.39018018224,8705.38462906664,9259.75647104077,9271.22724081577,9694.90823832005,..,..,..
Russian Federation,RUS,Adjusted net national income per capita (constant 2015 US$),NY.ADJ.NNTY.PC.KD,7311.3876953125,7705.95947265625,7723.19775390625,7483.1943359375,7309.92333984375,..,..,..
Rwanda,RWA,Adjusted net national income per capita (constant 2015 US$),NY.ADJ.NNTY.PC.KD,616.577571496398,652.763193652154,702.301213774414,662.600083787073,718.733394508136,..,..,..
Samoa,WSM,Adjusted net national income per capita (constant 2015 US$),NY.ADJ.NNTY.PC.KD,3942.41713198956,3894.13315267441,4040.25315980958,3809.05727177092,3615.91596268494,..,..,..
San Marino,SMR,Adjusted net national income per capita (constant 2015 US$),NY.ADJ.NNTY.PC.KD,..,..,..,..,..,..,..,..
Sao Tome and Principe,STP,Adjusted net national income per capita (constant 2015 US$),NY.ADJ.NNTY.PC.KD,..,..,..,..,..,..,..,..
Saudi Arabia,SAU,Adjusted net national income per capita (constant 2015 US$),NY.ADJ.NNTY.PC.KD,17787.4946689814,19838.3790208496,20008.7345699837,16915.7298341606,..,..,..,..
Senegal,SEN,Adjusted net national income per capita (constant 2015 US$),NY.ADJ.NNTY.PC.KD,1175.59597486903,1195.38006972674,1211.96470652956,1210.50135255362,1241.64837396364,..,..,..
Serbia,SRB,Adjusted net national income per capita (constant 2015 US$),NY.ADJ.NNTY.PC.KD,4762.10866973606,5049.08066945549,5255.09276224497,5441.46463499529,5805.70304970557,..,..,..
Seychelles,SYC,Adjusted net national income per capita (constant 2015 US$),NY.ADJ.NNTY.PC.KD,13515.1922336152,13975.089017038,14619.8146215939,13049.458748402,13911.7692105885,..,..,..
Sierra Leone,SLE,Adjusted net national income per capita (constant 2015 US$),NY.ADJ.NNTY.PC.KD,621.753941948083,600.624042712731,645.43818911157,598.503210957951,562.9268555965,..,..,..
Singapore,SGP,Adjusted net national income per capita (constant 2015 US$),NY.ADJ.NNTY.PC.KD,47386.5222814449,46609.4114108148,45119.2264352598,40843.7227154439,48060.9990991273,..,..,..
Sint Maarten (Dutch part),SXM,Adjusted net national income per capita (constant 2015 US$),NY.ADJ.NNTY.PC.KD,..,..,..,..,..,..,..,..
Slovak Republic,SVK,Adjusted net national income per capita (constant 2015 US$),NY.ADJ.NNTY.PC.KD,13775.0880657859,14309.538685071,14487.7170223655,14021.0401436214,14390.0043650796,..,..,..
Slovenia,SVN,Adjusted net national income per capita (constant 2015 US$),NY.ADJ.NNTY.PC.KD,17786.5805170108,18697.918096387,19339.1462420635,18376.4981058059,19634.8145674351,..,..,..
Small states,SST,Adjusted net national income per capita (constant 2015 US$),NY.ADJ.NNTY.PC.KD,..,..,..,..,..,..,..,..
Solomon Islands,SLB,Adjusted net national income per capita (constant 2015 US$),NY.ADJ.NNTY.PC.KD,1842.88664339748,1976.95377177689,1967.69655069392,1802.13193990116,1698.29738678791,..,..,..
South Africa,ZAF,Adjusted net national income per capita (constant 2015 US$),NY.ADJ.NNTY.PC.KD,5079.84425864932,5030.08026752036,5008.93609299104,4702.60826768734,4947.25609049693,..,..,..
South Asia,SAS,Adjusted net national income per capita (constant 2015 US$),NY.ADJ.NNTY.PC.KD,1577.80228089503,1655.80522270447,1700.50436348316,1588.13934113319,1729.5479061202,..,..,..
South Asia (IDA & IBRD),TSA,Adjusted net national income per capita (constant 2015 US$),NY.ADJ.NNTY.PC.KD,1577.80228089503,1655.80522270447,1700.50436348316,1588.13934113319,1729.5479061202,..,..,..
South Sudan,SSD,Adjusted net national income per capita (constant 2015 US$),NY.ADJ.NNTY.PC.KD,..,..,..,..,..,..,..,..
Spain,ESP,Adjusted net national income per capita (constant 2015 US$),NY.ADJ.NNTY.PC.KD,23069.5766073961,23513.1691980739,23809.4092691807,20618.6200484019,21790.7273419025,..,..,..
Sri Lanka,LKA,Adjusted net national income per capita (constant 2015 US$),NY.ADJ.NNTY.PC.KD,4031.9442656321,4066.87447571206,4010.78171191881,3864.97410442211,3890.3790177573,..,..,..
St. Kitts and Nevis,KNA,Adjusted net national income per capita (constant 2015 US$),NY.ADJ.NNTY.PC.KD,..,..,..,..,..,..,..,..
St. Lucia,LCA,Adjusted net national income per capita (constant 2015 US$),NY.ADJ.NNTY.PC.KD,..,..,..,..,..,..,..,..
St. Martin (French part),MAF,Adjusted net national income per capita (constant 2015 US$),NY.ADJ.NNTY.PC.KD,..,..,..,..,..,..,..,..
St. Vincent and the Grenadines,VCT,Adjusted net national income per capita (constant 2015 US$),NY.ADJ.NNTY.PC.KD,..,..,..,..,..,..,..,..
Sub-Saharan Africa,SSF,Adjusted net national income per capita (constant 2015 US$),NY.ADJ.NNTY.PC.KD,..,..,..,..,..,..,..,..
Sub-Saharan Africa (excluding high income),SSA,Adjusted net national income per capita (constant 2015 US$),NY.ADJ.NNTY.PC.KD,..,..,..,..,..,..,..,..
Sub-Saharan Africa (IDA & IBRD countries),TSS,Adjusted net national income per capita (constant 2015 US$),NY.ADJ.NNTY.PC.KD,..,..,..,..,..,..,..,..
Sudan,SDN,Adjusted net national income per capita (constant 2015 US$),NY.ADJ.NNTY.PC.KD,..,..,..,..,..,..,..,..
Suriname,SUR,Adjusted net national income per capita (constant 2015 US$),NY.ADJ.NNTY.PC.KD,..,..,..,..,..,..,..,..
Sweden,SWE,Adjusted net national income per capita (constant 2015 US$),NY.ADJ.NNTY.PC.KD,44467.766078117,44482.5169578633,45574.3510514851,44348.8439597087,46079.3680149999,..,..,..
Switzerland,CHE,Adjusted net national income per capita (constant 2015 US$),NY.ADJ.NNTY.PC.KD,63688.9938316475,62877.8842125054,63360.2276619584,59464.1080662167,63884.7341997849,..,..,..
Syrian Arab Republic,SYR,Adjusted net national income per capita (constant 2015 US$),NY.ADJ.NNTY.PC.KD,..,..,..,..,..,..,..,..
Tajikistan,TJK,Adjusted net national income per capita (constant 2015 US$),NY.ADJ.NNTY.PC.KD,1159.36631635505,1143.41151781745,1159.10193172844,1155.80310253425,1152.25415886658,..,..,..
Tanzania,TZA,Adjusted net national income per capita (constant 2015 US$),NY.ADJ.NNTY.PC.KD,858.932250976563,881.684265136719,901.88232421875,891.093627929688,899.41943359375,..,..,..
Thailand,THA,Adjusted net national income per capita (constant 2015 US$),NY.ADJ.NNTY.PC.KD,..,..,..,..,..,..,..,..
Timor-Leste,TLS,Adjusted net national income per capita (constant 2015 US$),NY.ADJ.NNTY.PC.KD,1247.2286047441,1018.0377967659,1353.33304554876,1167.72059434278,393.879790459374,..,..,..
Togo,TGO,Adjusted net national income per capita (constant 2015 US$),NY.ADJ.NNTY.PC.KD,676.854336055152,721.003755408341,757.412415397753,734.506637519144,735.376825354262,..,..,..
Tonga,TON,Adjusted net national income per capita (constant 2015 US$),NY.ADJ.NNTY.PC.KD,4492.25375170561,4491.41888289246,4889.09544840077,4929.09488065879,4552.412642403,..,..,..
Trinidad and Tobago,TTO,Adjusted net national income per capita (constant 2015 US$),NY.ADJ.NNTY.PC.KD,..,..,..,..,..,..,..,..
Tunisia,TUN,Adjusted net national income per capita (constant 2015 US$),NY.ADJ.NNTY.PC.KD,3393.66868484137,3522.52980569459,3572.04822147165,3159.59216126303,3298.7260885395,..,..,..
Turkiye,TUR,Adjusted net national income per capita (constant 2015 US$),NY.ADJ.NNTY.PC.KD,..,..,..,..,..,..,..,..
Turkmenistan,TKM,Adjusted net national income per capita (constant 2015 US$),NY.ADJ.NNTY.PC.KD,..,..,..,..,..,..,..,..
Turks and Caicos Islands,TCA,Adjusted net national income per capita (constant 2015 US$),NY.ADJ.NNTY.PC.KD,..,..,..,..,..,..,..,..
Tuvalu,TUV,Adjusted net national income per capita (constant 2015 US$),NY.ADJ.NNTY.PC.KD,..,..,..,..,..,..,..,..
Uganda,UGA,Adjusted net national income per capita (constant 2015 US$),NY.ADJ.NNTY.PC.KD,685.731575797446,718.89013380142,733.513875668307,723.40888523408,721.234118797491,..,..,..
Ukraine,UKR,Adjusted net national income per capita (constant 2015 US$),NY.ADJ.NNTY.PC.KD,2072.86694335938,2155.53369140625,2250.87646484375,2295.10375976563,2445.87524414063,..,..,..
United Arab Emirates,ARE,Adjusted net national income per capita (constant 2015 US$),NY.ADJ.NNTY.PC.KD,39794.6469243835,40415.4874876145,40195.3267513457,34039.557811495,..,..,..,..
United Kingdom,GBR,Adjusted net national income per capita (constant 2015 US$),NY.ADJ.NNTY.PC.KD,38801.2980903298,38933.1644477905,..,..,..,..,..,..
United States,USA,Adjusted net national income per capita (constant 2015 US$),NY.ADJ.NNTY.PC.KD,49760.7317886784,50956.76454149,51893.7784889558,49660.3654811928,52310.6729276999,..,..,..
Upper middle income,UMC,Adjusted net national income per capita (constant 2015 US$),NY.ADJ.NNTY.PC.KD,6145.9633492472,6245.75313199531,6417.62960460808,6287.11212228184,6647.90684871883,..,..,..
Uruguay,URY,Adjusted net national income per capita (constant 2015 US$),NY.ADJ.NNTY.PC.KD,16007.9716571488,15835.7094225695,16102.8735814774,14974.2213324255,15463.9029539068,..,..,..
Uzbekistan,UZB,Adjusted net national income per capita (constant 2015 US$),NY.ADJ.NNTY.PC.KD,..,..,..,..,..,..,..,..
Vanuatu,VUT,Adjusted net national income per capita (constant 2015 US$),NY.ADJ.NNTY.PC.KD,2760.48122815757,3109.6508660625,3272.11306944691,2852.58463853995,2691.49943758796,..,..,..
"Venezuela, RB",VEN,Adjusted net national income per capita (constant 2015 US$),NY.ADJ.NNTY.PC.KD,..,..,..,..,..,..,..,..
Viet Nam,VNM,Adjusted net national income per capita (constant 2015 US$),NY.ADJ.NNTY.PC.KD,2382.14330834452,2586.25553896024,2752.96290734616,2838.58877857212,2830.62677190364,..,..,..
Virgin Islands (U.S.),VIR,Adjusted net national income per capita (constant 2015 US$),NY.ADJ.NNTY.PC.KD,..,..,..,..,..,..,..,..
West Bank and Gaza,PSE,Adjusted net national income per capita (constant 2015 US$),NY.ADJ.NNTY.PC.KD,..,..,..,..,..,..,..,..
World,WLD,Adjusted net national income per capita (constant 2015 US$),NY.ADJ.NNTY.PC.KD,8613.09750018511,8740.36289544894,8848.13681830344,8397.3932563062,8771.24496019295,..,..,..
"Yemen, Rep.",YEM,Adjusted net national income per capita (constant 2015 US$),NY.ADJ.NNTY.PC.KD,..,..,..,..,..,..,..,..
Zambia,ZMB,Adjusted net national income per capita (constant 2015 US$),NY.ADJ.NNTY.PC.KD,..,..,..,..,..,..,..,..
Zimbabwe,ZWE,Adjusted net national income per capita (constant 2015 US$),NY.ADJ.NNTY.PC.KD,386.315861753799,1156.29718891435,892.610998809492,747.168175176768,1020.6335942504,..,..,..
,,,,,,,,,,,
,,,,,,,,,,,
,,,,,,,,,,,
Data from database: World Development Indicators,,,,,,,,,,,
Last Updated: 10/07/2025,,,,,,,,,,,
