Region,Country
Middle East and North Africa,Algeria
Middle East and North Africa,Egypt
Middle East and North Africa,Libya
Middle East and North Africa,Morocco
Middle East and North Africa,Tunisia
Middle East and North Africa,Western Sahara
Middle East and North Africa,Bahrain
Middle East and North Africa,Iran
Middle East and North Africa,Iraq
Middle East and North Africa,Israel
Middle East and North Africa,Jordan
Middle East and North Africa,Kuwait
Middle East and North Africa,Lebanon
Middle East and North Africa,Oman
Middle East and North Africa,Palestine
Middle East and North Africa,Qatar
Middle East and North Africa,Saudi Arabia
Middle East and North Africa,Syria
Middle East and North Africa,United Arab Emirates
Middle East and North Africa,Yemen
Middle East and North Africa,Turkey
Middle East and North Africa,Malta
Middle East and North Africa,Cyprus
Sub-Saharan Africa,Angola
Sub-Saharan Africa,Benin
Sub-Saharan Africa,Botswana
Sub-Saharan Africa,Burkina Faso
Sub-Saharan Africa,Burundi
Sub-Saharan Africa,Cabo Verde
Sub-Saharan Africa,Cameroon
Sub-Saharan Africa,Central African Republic
Sub-Saharan Africa,Chad
Sub-Saharan Africa,Comoros
Sub-Saharan Africa,Democratic Republic of Congo
Sub-Saharan Africa,Congo
Sub-Saharan Africa,CÃ´te d'Ivoire
Sub-Saharan Africa,Djibouti
Sub-Saharan Africa,Equatorial Guinea
Sub-Saharan Africa,Eritrea
Sub-Saharan Africa,Eswatini
Sub-Saharan Africa,Ethiopia
Sub-Saharan Africa,Gabon
Sub-Saharan Africa,Gambia
Sub-Saharan Africa,Ghana
Sub-Saharan Africa,Guinea
Sub-Saharan Africa,Guinea-Bissau
Sub-Saharan Africa,Kenya
Sub-Saharan Africa,Lesotho
Sub-Saharan Africa,Liberia
Sub-Saharan Africa,Madagascar
Sub-Saharan Africa,Malawi
Sub-Saharan Africa,Mali
Sub-Saharan Africa,Mauritania
Sub-Saharan Africa,Mauritius
Sub-Saharan Africa,Mozambique
Sub-Saharan Africa,Namibia
Sub-Saharan Africa,Niger
Sub-Saharan Africa,Nigeria
Sub-Saharan Africa,Rwanda
Sub-Saharan Africa,Sao Tome and Principe
Sub-Saharan Africa,Senegal
Sub-Saharan Africa,Seychelles
Sub-Saharan Africa,Sierra Leone
Sub-Saharan Africa,Somalia
Sub-Saharan Africa,South Africa
Sub-Saharan Africa,South Sudan
Sub-Saharan Africa,Sudan
Sub-Saharan Africa,Tanzania
Sub-Saharan Africa,Togo
Sub-Saharan Africa,Uganda
Sub-Saharan Africa,Zambia
Sub-Saharan Africa,Zimbabwe
Latin America and the Caribbean,Antigua and Barbuda
Latin America and the Caribbean,Argentina
Latin America and the Caribbean,Bahamas
Latin America and the Caribbean,Barbados
Latin America and the Caribbean,Belize
Latin America and the Caribbean,Bolivia
Latin America and the Caribbean,Brazil
Latin America and the Caribbean,Chile
Latin America and the Caribbean,Colombia
Latin America and the Caribbean,Costa Rica
Latin America and the Caribbean,Cuba
Latin America and the Caribbean,Dominica
Latin America and the Caribbean,Dominican Republic
Latin America and the Caribbean,Ecuador
Latin America and the Caribbean,El Salvador
Latin America and the Caribbean,Grenada
Latin America and the Caribbean,Guatemala
Latin America and the Caribbean,Guyana
Latin America and the Caribbean,Haiti
Latin America and the Caribbean,Honduras
Latin America and the Caribbean,Jamaica
Latin America and the Caribbean,Mexico
Latin America and the Caribbean,Nicaragua
Latin America and the Caribbean,Panama
Latin America and the Caribbean,Paraguay
Latin America and the Caribbean,Peru
Latin America and the Caribbean,Saint Kitts and Nevis
Latin America and the Caribbean,Saint Lucia
Latin America and the Caribbean,Saint Vincent and the Grenadines
Latin America and the Caribbean,Suriname
Latin America and the Caribbean,Trinidad and Tobago
Latin America and the Caribbean,Uruguay
Latin America and the Caribbean,Venezuela
South-East Asia,Afghanistan
South-East Asia,Bangladesh
South-East Asia,Bhutan
South-East Asia,India
South-East Asia,Maldives
South-East Asia,Nepal
South-East Asia,Pakistan
South-East Asia,Sri Lanka
South-East Asia,Brunei
South-East Asia,Cambodia
South-East Asia,Indonesia
South-East Asia,Laos
South-East Asia,Malaysia
South-East Asia,Myanmar
South-East Asia,Philippines
South-East Asia,Singapore
South-East Asia,Thailand
South-East Asia,Timor-Leste
South-East Asia,Vietnam
